"id_empenho","ano","data_empenho","cpfcnpjcredor","credor","valor","id_entidade","id_contrato"
EMP-235,2024,2024-01-12,"00000010000110",TechServer Solucoes,8460.85,1,1151
EMP-236,2024,2024-01-14,"00000050000150",Seguranca Total Ltda,36758.51,1,1152
EMP-237,2024,2024-01-10,"00000080000180",Saude Vida Distribuidora,20100.28,1,1153
EMP-238,2024,2024-01-17,"00000070000170",Merenda Boa Alimentos,36813.29,1,1154
EMP-239,2024,2024-01-07,"00000040000140",Papelaria Central,7384.57,1,1155
EMP-240,2024,2024-01-04,"00000070000170",Merenda Boa Alimentos,49051.89,1,1157
EMP-241,2024,2024-01-16,"00000090000190",Eventos & Promo,11742.04,1,1158
EMP-242,2024,2024-01-13,"00000060000160",Transportes Rapido,7402.78,1,1159
EMP-243,2024,2024-01-15,"00000020000120",ConstruRio Engenharia,48482.60,1,1160
EMP-244,2024,2024-01-08,"000001200001120",TI Inovacao,41879.17,1,1161
EMP-245,2024,2024-01-14,"00000040000140",Papelaria Central,16431.93,1,1162
EMP-246,2024,2024-01-15,"000001200001120",TI Inovacao,44557.91,1,1163
EMP-247,2024,2024-01-09,"00000030000130",LimpMax Servicos,17737.22,1,1164
EMP-248,2024,2024-01-14,"00000040000140",Papelaria Central,17309.89,1,1165
EMP-249,2024,2024-01-09,"00000070000170",Merenda Boa Alimentos,24801.41,1,1166
EMP-25,2024,2024-01-10,"00000020000120",ConstruRio Engenharia,7059.21,1,1167
EMP-250,2024,2024-01-10,"000001000001100",Consultoria Estrategica,8928.78,1,1168
EMP-251,2024,2024-01-03,"00000090000190",Eventos & Promo,6960.05,1,1169
EMP-252,2024,2024-01-17,"00000070000170",Merenda Boa Alimentos,18596.25,1,1170
EMP-253,2024,2024-01-12,"00000030000130",LimpMax Servicos,31621.19,1,1171
EMP-255,2024,2024-01-05,"00000010000110",TechServer Solucoes,43181.95,1,1173
EMP-256,2024,2024-01-11,"00000010000110",TechServer Solucoes,38390.66,1,1174
EMP-257,2024,2024-01-17,"00000080000180",Saude Vida Distribuidora,7356.19,1,1175
EMP-258,2024,2024-01-14,"00000020000120",ConstruRio Engenharia,38383.03,1,1176
EMP-259,2024,2024-01-10,"00000070000170",Merenda Boa Alimentos,17296.25,1,1177
EMP-26,2024,2024-01-07,"000001100001110",Obras Viarias RJ,29523.22,1,1178
EMP-260,2024,2024-01-20,"000001200001120",TI Inovacao,6085.45,1,1179
EMP-261,2024,2024-01-09,"000001000001100",Consultoria Estrategica,47024.15,1,1180
EMP-262,2024,2024-01-08,"000001200001120",TI Inovacao,43915.40,1,1181
EMP-263,2024,2024-01-04,"00000080000180",Saude Vida Distribuidora,46378.10,1,1182
EMP-264,2024,2024-01-04,"00000060000160",Transportes Rapido,43069.99,1,1183
EMP-265,2024,2024-01-17,"00000020000120",ConstruRio Engenharia,7899.40,1,1184
EMP-266,2024,2024-01-19,"000001000001100",Consultoria Estrategica,43816.49,1,1185
EMP-267,2024,2024-01-15,"00000010000110",TechServer Solucoes,9697.15,1,1186
EMP-268,2024,2024-01-18,"000001200001120",TI Inovacao,38202.47,1,1187
EMP-269,2024,2024-01-19,"00000010000110",TechServer Solucoes,46565.04,1,1188
EMP-27,2024,2024-01-20,"00000020000120",ConstruRio Engenharia,11378.19,1,1189
EMP-270,2024,2024-01-13,"00000060000160",Transportes Rapido,5731.64,1,1190
EMP-271,2024,2024-01-12,"00000010000110",TechServer Solucoes,12324.10,1,1191
EMP-272,2024,2024-01-20,"000001200001120",TI Inovacao,42796.97,1,1192
EMP-273,2024,2024-01-05,"000001100001110",Obras Viarias RJ,34572.41,1,1193
EMP-274,2024,2024-01-19,"00000060000160",Transportes Rapido,11008.32,1,1194
EMP-275,2024,2024-01-07,"00000060000160",Transportes Rapido,6714.63,1,1195
EMP-276,2024,2024-01-05,"00000030000130",LimpMax Servicos,4185.99,1,1196
EMP-277,2024,2024-01-12,"00000040000140",Papelaria Central,2261.26,1,1197
EMP-278,2024,2024-01-18,"00000060000160",Transportes Rapido,17852.86,1,1198
EMP-279,2024,2024-01-09,"000001200001120",TI Inovacao,13870.51,1,1199
EMP-280,2024,2024-01-07,"00000030000130",LimpMax Servicos,46306.76,1,1201
EMP-281,2024,2024-01-12,"00000050000150",Seguranca Total Ltda,2952.60,1,1202
EMP-282,2024,2024-01-10,"00000060000160",Transportes Rapido,23631.38,1,1203
EMP-283,2024,2024-01-10,"00000090000190",Eventos & Promo,6191.40,1,1204
EMP-284,2024,2024-01-12,"000001000001100",Consultoria Estrategica,1402.15,1,1205
EMP-286,2024,2024-01-05,"00000020000120",ConstruRio Engenharia,6451.56,1,1207
EMP-287,2024,2024-01-08,"00000070000170",Merenda Boa Alimentos,47244.19,1,1208
EMP-288,2024,2024-01-08,"000001000001100",Consultoria Estrategica,9751.96,1,1209
EMP-289,2024,2024-01-13,"000001200001120",TI Inovacao,48416.25,1,1210
EMP-29,2024,2024-01-17,"000001100001110",Obras Viarias RJ,42296.80,1,1211
EMP-290,2024,2024-01-11,"00000040000140",Papelaria Central,11362.07,1,1212
EMP-291,2024,2024-01-12,"00000020000120",ConstruRio Engenharia,45211.11,1,1213
EMP-292,2024,2024-01-07,"000001100001110",Obras Viarias RJ,24678.40,1,1214
EMP-293,2024,2024-01-12,"00000010000110",TechServer Solucoes,46407.38,1,1215
EMP-294,2024,2024-01-13,"00000080000180",Saude Vida Distribuidora,2495.05,1,1216
EMP-295,2024,2024-01-09,"000001100001110",Obras Viarias RJ,46303.81,1,1217
EMP-296,2024,2024-01-05,"00000070000170",Merenda Boa Alimentos,6056.41,1,1218
EMP-297,2024,2024-01-09,"00000030000130",LimpMax Servicos,16101.87,1,1219
EMP-299,2024,2024-01-09,"00000050000150",Seguranca Total Ltda,36801.86,1,1221
EMP-3,2024,2024-01-09,"000001100001110",Obras Viarias RJ,35068.63,1,1222
EMP-30,2024,2024-01-17,"000001200001120",TI Inovacao,3588.30,1,1223
EMP-300,2024,2024-01-07,"000001100001110",Obras Viarias RJ,35067.48,1,1224
EMP-301,2024,2024-01-13,"00000010000110",TechServer Solucoes,33341.00,1,1225
EMP-302,2024,2024-01-11,"00000070000170",Merenda Boa Alimentos,9923.46,1,1226
EMP-303,2024,2024-01-16,"00000070000170",Merenda Boa Alimentos,17112.92,1,1227
EMP-304,2024,2024-01-20,"00000030000130",LimpMax Servicos,43103.13,1,1228
EMP-306,2024,2024-01-12,"00000050000150",Seguranca Total Ltda,18570.65,1,1230
EMP-307,2024,2024-01-17,"000001000001100",Consultoria Estrategica,35055.99,1,1231
EMP-308,2024,2024-01-06,"000001100001110",Obras Viarias RJ,25569.50,1,1232
EMP-309,2024,2024-01-12,"00000030000130",LimpMax Servicos,19130.97,1,1233
EMP-310,2024,2024-01-14,"00000070000170",Merenda Boa Alimentos,40748.10,1,1235
EMP-311,2024,2024-01-18,"00000030000130",LimpMax Servicos,11733.23,1,1236
EMP-312,2024,2024-01-11,"00000010000110",TechServer Solucoes,13266.38,1,1237
EMP-313,2024,2024-01-12,"00000080000180",Saude Vida Distribuidora,31210.06,1,1238
EMP-314,2024,2024-01-16,"00000030000130",LimpMax Servicos,41920.97,1,1239
EMP-315,2024,2024-01-17,"00000060000160",Transportes Rapido,49220.70,1,1240
EMP-316,2024,2024-01-09,"000001100001110",Obras Viarias RJ,15112.60,1,1241
EMP-317,2024,2024-01-06,"00000090000190",Eventos & Promo,12527.15,1,1242
EMP-318,2024,2024-01-12,"00000030000130",LimpMax Servicos,34913.61,1,1243
EMP-319,2024,2024-01-12,"00000040000140",Papelaria Central,42940.72,1,1244
EMP-32,2024,2024-01-11,"000001200001120",TI Inovacao,3176.40,1,1245
EMP-320,2024,2024-01-11,"000001100001110",Obras Viarias RJ,29284.03,1,1246
EMP-321,2024,2024-01-05,"000001000001100",Consultoria Estrategica,21052.05,1,1247
EMP-322,2024,2024-01-09,"00000040000140",Papelaria Central,42702.77,1,1248
EMP-323,2024,2024-01-18,"00000040000140",Papelaria Central,4586.42,1,1249
EMP-324,2024,2024-01-14,"000001200001120",TI Inovacao,18405.09,1,1250
EMP-325,2024,2024-01-06,"00000070000170",Merenda Boa Alimentos,35328.12,1,1251
EMP-326,2024,2024-01-16,"00000030000130",LimpMax Servicos,34509.25,1,1252
EMP-327,2024,2024-01-16,"00000010000110",TechServer Solucoes,29893.96,1,1253
EMP-328,2024,2024-01-08,"00000010000110",TechServer Solucoes,10748.24,1,1254
EMP-329,2024,2024-01-18,"00000070000170",Merenda Boa Alimentos,6864.70,1,1255
EMP-33,2024,2024-01-13,"00000070000170",Merenda Boa Alimentos,29250.03,1,1256
EMP-330,2024,2024-01-16,"000001200001120",TI Inovacao,30623.71,1,1257
EMP-331,2024,2024-01-06,"00000040000140",Papelaria Central,4188.74,1,1258
EMP-332,2024,2024-01-05,"00000080000180",Saude Vida Distribuidora,45515.16,1,1259
EMP-333,2024,2024-01-04,"00000050000150",Seguranca Total Ltda,38561.69,1,1260
EMP-334,2024,2024-01-15,"00000070000170",Merenda Boa Alimentos,19261.46,1,1261
EMP-335,2024,2024-01-09,"00000040000140",Papelaria Central,36368.37,1,1262
EMP-336,2024,2024-01-05,"000001100001110",Obras Viarias RJ,32325.60,1,1263
EMP-337,2024,2024-01-12,"00000040000140",Papelaria Central,42526.25,1,1264
EMP-338,2024,2024-01-12,"00000010000110",TechServer Solucoes,13437.33,1,1265
EMP-339,2024,2024-01-14,"000001000001100",Consultoria Estrategica,5833.66,1,1266
EMP-34,2024,2024-01-16,"00000010000110",TechServer Solucoes,26432.34,1,1267
EMP-340,2024,2024-01-13,"00000070000170",Merenda Boa Alimentos,20105.97,1,1268
EMP-341,2024,2024-01-09,"00000070000170",Merenda Boa Alimentos,4579.91,1,1269
EMP-342,2024,2024-01-05,"00000010000110",TechServer Solucoes,35241.31,1,1270
EMP-343,2024,2024-01-13,"00000070000170",Merenda Boa Alimentos,32037.77,1,1271
EMP-345,2024,2024-01-14,"00000070000170",Merenda Boa Alimentos,32682.09,1,1273
EMP-346,2024,2024-01-08,"00000040000140",Papelaria Central,42794.46,1,1274
EMP-347,2024,2024-01-03,"000001000001100",Consultoria Estrategica,23294.88,1,1275
EMP-348,2024,2024-01-11,"00000080000180",Saude Vida Distribuidora,23446.41,1,1276
EMP-349,2024,2024-01-16,"00000010000110",TechServer Solucoes,46520.70,1,1277
EMP-35,2024,2024-01-10,"00000020000120",ConstruRio Engenharia,32509.19,1,1278
EMP-350,2024,2024-01-08,"00000020000120",ConstruRio Engenharia,10749.83,1,1279
EMP-351,2024,2024-01-10,"00000040000140",Papelaria Central,39575.30,1,1280
EMP-352,2024,2024-01-14,"000001200001120",TI Inovacao,35625.94,1,1281
EMP-353,2024,2024-01-04,"00000090000190",Eventos & Promo,48335.10,1,1282
EMP-354,2024,2024-01-12,"000001200001120",TI Inovacao,33507.95,1,1283
EMP-355,2024,2024-01-13,"000001100001110",Obras Viarias RJ,29887.40,1,1284
EMP-356,2024,2024-01-10,"00000070000170",Merenda Boa Alimentos,23531.40,1,1285
EMP-357,2024,2024-01-12,"00000010000110",TechServer Solucoes,49633.66,1,1286
EMP-358,2024,2024-01-20,"000001200001120",TI Inovacao,7256.23,1,1287
EMP-359,2024,2024-01-10,"000001200001120",TI Inovacao,29731.09,1,1288
EMP-36,2024,2024-01-10,"00000020000120",ConstruRio Engenharia,29914.51,1,1289
EMP-360,2024,2024-01-14,"00000030000130",LimpMax Servicos,22373.88,1,1290
EMP-361,2024,2024-01-12,"00000010000110",TechServer Solucoes,32554.52,1,1291
EMP-362,2024,2024-01-13,"000001000001100",Consultoria Estrategica,32904.72,1,1292
EMP-363,2024,2024-01-14,"00000010000110",TechServer Solucoes,40982.11,1,1293
EMP-364,2024,2024-01-15,"00000050000150",Seguranca Total Ltda,19700.15,1,1294
EMP-365,2024,2024-01-17,"00000060000160",Transportes Rapido,44009.43,1,1295
EMP-366,2024,2024-01-07,"00000010000110",TechServer Solucoes,35424.66,1,1296
EMP-367,2024,2024-01-16,"000001000001100",Consultoria Estrategica,16998.06,1,1297
EMP-368,2024,2024-01-14,"00000060000160",Transportes Rapido,30899.48,1,1298
EMP-369,2024,2024-01-12,"000001200001120",TI Inovacao,24629.72,1,1299
EMP-37,2024,2024-01-08,"00000090000190",Eventos & Promo,26004.83,1,1300
EMP-370,2024,2024-01-20,"000001200001120",TI Inovacao,19554.15,1,1301
EMP-371,2024,2024-01-16,"00000040000140",Papelaria Central,44816.41,1,1302
EMP-372,2024,2024-01-11,"000001100001110",Obras Viarias RJ,41676.42,1,1303
EMP-373,2024,2024-01-17,"00000070000170",Merenda Boa Alimentos,24577.63,1,1304
EMP-375,2024,2024-01-09,"000001000001100",Consultoria Estrategica,21997.26,1,1306
EMP-376,2024,2024-01-09,"00000080000180",Saude Vida Distribuidora,44637.97,1,1307
EMP-377,2024,2024-01-12,"00000050000150",Seguranca Total Ltda,46763.37,1,1308
EMP-378,2024,2024-01-08,"00000070000170",Merenda Boa Alimentos,15497.35,1,1309
EMP-379,2024,2024-01-20,"00000090000190",Eventos & Promo,4606.14,1,1310
EMP-38,2024,2024-01-14,"00000090000190",Eventos & Promo,15883.08,1,1311
EMP-380,2024,2024-01-06,"00000040000140",Papelaria Central,35166.58,1,1312
EMP-381,2024,2024-01-10,"00000080000180",Saude Vida Distribuidora,13265.19,1,1313
EMP-382,2024,2024-01-19,"00000060000160",Transportes Rapido,17710.44,1,1314
EMP-383,2024,2024-01-12,"00000020000120",ConstruRio Engenharia,1124.98,1,1315
EMP-384,2024,2024-01-05,"00000050000150",Seguranca Total Ltda,44424.99,1,1316
EMP-385,2024,2024-01-15,"00000060000160",Transportes Rapido,43381.49,1,1317
EMP-386,2024,2024-01-16,"000001000001100",Consultoria Estrategica,48151.13,1,1318
EMP-387,2024,2024-01-07,"000001200001120",TI Inovacao,30252.15,1,1319
EMP-388,2024,2024-01-11,"00000080000180",Saude Vida Distribuidora,3838.53,1,1320
EMP-24,2024,2024-01-16,"00000030000130",LimpMax Servicos,19993.48,1,1156
EMP-254,2024,2024-01-04,"00000050000150",Seguranca Total Ltda,4355.69,1,1172
EMP-28,2024,2024-01-09,"00000080000180",Saude Vida Distribuidora,31096.50,1,1200
EMP-285,2024,2024-01-08,"00000010000110",TechServer Solucoes,4628.08,1,1206
EMP-298,2024,2024-01-15,"00000050000150",Seguranca Total Ltda,34502.45,1,1220
EMP-305,2024,2024-01-14,"00000060000160",Transportes Rapido,1837.95,1,1229
EMP-31,2024,2024-01-11,"00000090000190",Eventos & Promo,36969.41,1,1234
EMP-344,2024,2024-01-09,"00000080000180",Saude Vida Distribuidora,19311.42,1,1272
EMP-374,2024,2024-01-12,"000001200001120",TI Inovacao,7128.08,1,1305
EMP-389,2024,2024-01-10,"00000040000140",Papelaria Central,12598.98,1,1321
EMP-39,2024,2024-01-18,"00000060000160",Transportes Rapido,25135.27,1,1322
EMP-390,2024,2024-01-10,"00000090000190",Eventos & Promo,2023.71,1,1323
EMP-391,2024,2024-01-12,"00000090000190",Eventos & Promo,43353.65,1,1324
EMP-392,2024,2024-01-11,"000001200001120",TI Inovacao,45320.83,1,1325
EMP-393,2024,2024-01-12,"00000030000130",LimpMax Servicos,4937.87,1,1326
EMP-394,2024,2024-01-07,"00000060000160",Transportes Rapido,34801.36,1,1327
EMP-395,2024,2024-01-14,"00000080000180",Saude Vida Distribuidora,19706.95,1,1328
EMP-396,2024,2024-01-05,"00000040000140",Papelaria Central,9191.48,1,1329
EMP-397,2024,2024-01-16,"00000050000150",Seguranca Total Ltda,29742.53,1,1330
EMP-13,2024,2024-01-08,"000001200001120",TI Inovacao,31200.76,1,1034
EMP-398,2024,2024-01-20,"00000010000110",TechServer Solucoes,21358.43,1,1331
EMP-399,2024,2024-01-17,"000001200001120",TI Inovacao,11919.76,1,1332
EMP-4,2024,2024-01-11,"000001100001110",Obras Viarias RJ,49543.99,1,1333
EMP-40,2024,2024-01-04,"00000030000130",LimpMax Servicos,28655.81,1,1334
EMP-400,2024,2024-01-15,"00000010000110",TechServer Solucoes,19131.77,1,1335
EMP-401,2024,2024-01-04,"000001000001100",Consultoria Estrategica,27672.62,1,1336
EMP-402,2024,2024-01-08,"00000050000150",Seguranca Total Ltda,41416.06,1,1337
EMP-403,2024,2024-01-06,"00000080000180",Saude Vida Distribuidora,33264.62,1,1338
EMP-404,2024,2024-01-14,"000001200001120",TI Inovacao,5334.34,1,1339
EMP-405,2024,2024-01-07,"00000010000110",TechServer Solucoes,46587.39,1,1340
EMP-406,2024,2024-01-13,"00000030000130",LimpMax Servicos,44520.68,1,1341
EMP-408,2024,2024-01-06,"000001000001100",Consultoria Estrategica,9154.63,1,1342
EMP-409,2024,2024-01-09,"00000040000140",Papelaria Central,23998.96,1,1343
EMP-41,2024,2024-01-17,"00000010000110",TechServer Solucoes,22960.14,1,1344
EMP-410,2024,2024-01-04,"00000040000140",Papelaria Central,29631.12,1,1345
EMP-411,2024,2024-01-15,"000001200001120",TI Inovacao,28774.84,1,1346
EMP-412,2024,2024-01-08,"00000030000130",LimpMax Servicos,25365.40,1,1347
EMP-413,2024,2024-01-10,"00000010000110",TechServer Solucoes,23427.23,1,1348
EMP-414,2024,2024-01-04,"00000010000110",TechServer Solucoes,24324.72,1,1349
EMP-415,2024,2024-01-05,"000001000001100",Consultoria Estrategica,10317.13,1,1350
EMP-416,2024,2024-01-09,"00000070000170",Merenda Boa Alimentos,2548.67,1,1351
EMP-417,2024,2024-01-13,"00000060000160",Transportes Rapido,35166.30,1,1352
EMP-418,2024,2024-01-13,"00000060000160",Transportes Rapido,11205.79,1,1353
EMP-419,2024,2024-01-13,"00000060000160",Transportes Rapido,37932.42,1,1354
EMP-42,2024,2024-01-11,"00000070000170",Merenda Boa Alimentos,41206.22,1,1355
EMP-420,2024,2024-01-10,"000001000001100",Consultoria Estrategica,6978.25,1,1356
EMP-421,2024,2024-01-10,"00000010000110",TechServer Solucoes,13278.62,1,1357
EMP-422,2024,2024-01-04,"000001200001120",TI Inovacao,1979.22,1,1358
EMP-423,2024,2024-01-06,"00000090000190",Eventos & Promo,43086.89,1,1359
EMP-424,2024,2024-01-08,"00000080000180",Saude Vida Distribuidora,29458.73,1,1360
EMP-425,2024,2024-01-10,"00000060000160",Transportes Rapido,16119.48,1,1361
EMP-426,2024,2024-01-08,"000001000001100",Consultoria Estrategica,6557.90,1,1362
EMP-427,2024,2024-01-20,"00000080000180",Saude Vida Distribuidora,11256.17,1,1363
EMP-428,2024,2024-01-05,"000001100001110",Obras Viarias RJ,11222.39,1,1364
EMP-429,2024,2024-01-05,"00000010000110",TechServer Solucoes,48712.57,1,1365
EMP-43,2024,2024-01-10,"00000010000110",TechServer Solucoes,24321.83,1,1366
EMP-430,2024,2024-01-06,"000001100001110",Obras Viarias RJ,1024.70,1,1367
EMP-431,2024,2024-01-10,"000001200001120",TI Inovacao,16289.74,1,1368
EMP-432,2024,2024-01-14,"00000030000130",LimpMax Servicos,43099.65,1,1369
EMP-433,2024,2024-01-06,"00000050000150",Seguranca Total Ltda,5207.67,1,1370
EMP-434,2024,2024-01-20,"00000020000120",ConstruRio Engenharia,14843.61,1,1371
EMP-435,2024,2024-01-07,"00000010000110",TechServer Solucoes,43869.31,1,1372
EMP-436,2024,2024-01-13,"00000020000120",ConstruRio Engenharia,35534.78,1,1373
EMP-437,2024,2024-01-13,"00000030000130",LimpMax Servicos,47210.21,1,1374
EMP-438,2024,2024-01-12,"000001000001100",Consultoria Estrategica,33896.73,1,1375
EMP-439,2024,2024-01-14,"00000040000140",Papelaria Central,26979.74,1,1376
EMP-44,2024,2024-01-07,"00000050000150",Seguranca Total Ltda,32686.27,1,1377
EMP-440,2024,2024-01-03,"000001100001110",Obras Viarias RJ,42937.63,1,1378
EMP-441,2024,2024-01-06,"00000080000180",Saude Vida Distribuidora,33233.48,1,1379
EMP-442,2024,2024-01-12,"00000040000140",Papelaria Central,4703.00,1,1380
EMP-443,2024,2024-01-16,"00000010000110",TechServer Solucoes,39204.96,1,1381
EMP-444,2024,2024-01-13,"000001100001110",Obras Viarias RJ,42217.97,1,1382
EMP-445,2024,2024-01-06,"000001000001100",Consultoria Estrategica,8895.30,1,1383
EMP-446,2024,2024-01-07,"00000060000160",Transportes Rapido,17493.89,1,1384
EMP-447,2024,2024-01-05,"000001000001100",Consultoria Estrategica,27423.64,1,1385
EMP-448,2024,2024-01-09,"00000020000120",ConstruRio Engenharia,10784.48,1,1386
EMP-449,2024,2024-01-16,"00000070000170",Merenda Boa Alimentos,39398.23,1,1387
EMP-45,2024,2024-01-10,"000001000001100",Consultoria Estrategica,10697.12,1,1388
EMP-450,2024,2024-01-12,"00000070000170",Merenda Boa Alimentos,2998.63,1,1389
EMP-451,2024,2024-01-04,"00000090000190",Eventos & Promo,13714.04,1,1390
EMP-452,2024,2024-01-14,"000001200001120",TI Inovacao,43287.82,1,1391
EMP-453,2024,2024-01-12,"00000010000110",TechServer Solucoes,10996.29,1,1392
EMP-454,2024,2024-01-10,"000001100001110",Obras Viarias RJ,7556.76,1,1393
EMP-455,2024,2024-01-06,"000001200001120",TI Inovacao,7295.00,1,1394
EMP-456,2024,2024-01-06,"000001000001100",Consultoria Estrategica,13515.28,1,1395
EMP-457,2024,2024-01-19,"000001200001120",TI Inovacao,36364.40,1,1396
EMP-458,2024,2024-01-10,"00000050000150",Seguranca Total Ltda,26488.55,1,1397
EMP-459,2024,2024-01-16,"00000070000170",Merenda Boa Alimentos,22737.79,1,1398
EMP-46,2024,2024-01-19,"00000040000140",Papelaria Central,18522.37,1,1399
EMP-460,2024,2024-01-11,"00000010000110",TechServer Solucoes,28265.04,1,1400
EMP-461,2024,2024-01-07,"000001200001120",TI Inovacao,42523.58,1,1401
EMP-462,2024,2024-01-10,"00000040000140",Papelaria Central,48071.25,1,1402
EMP-463,2024,2024-01-14,"000001200001120",TI Inovacao,28408.13,1,1403
EMP-464,2024,2024-01-10,"00000030000130",LimpMax Servicos,34966.86,1,1404
EMP-465,2024,2024-01-10,"00000040000140",Papelaria Central,10022.69,1,1405
EMP-466,2024,2024-01-17,"000001000001100",Consultoria Estrategica,18418.55,1,1406
EMP-467,2024,2024-01-06,"00000090000190",Eventos & Promo,16903.03,1,1407
EMP-468,2024,2024-01-18,"00000060000160",Transportes Rapido,48783.31,1,1408
EMP-469,2024,2024-01-06,"00000080000180",Saude Vida Distribuidora,7603.74,1,1409
EMP-47,2024,2024-01-06,"00000090000190",Eventos & Promo,6618.47,1,1410
EMP-470,2024,2024-01-10,"00000030000130",LimpMax Servicos,30548.52,1,1411
EMP-471,2024,2024-01-09,"000001000001100",Consultoria Estrategica,31338.68,1,1412
EMP-472,2024,2024-01-08,"000001200001120",TI Inovacao,48896.17,1,1413
EMP-473,2024,2024-01-05,"00000070000170",Merenda Boa Alimentos,18957.35,1,1414
EMP-474,2024,2024-01-09,"00000040000140",Papelaria Central,44756.71,1,1415
EMP-475,2024,2024-01-18,"00000040000140",Papelaria Central,3540.93,1,1416
EMP-476,2024,2024-01-15,"00000070000170",Merenda Boa Alimentos,4274.48,1,1417
EMP-477,2024,2024-01-07,"00000040000140",Papelaria Central,34329.27,1,1418
EMP-478,2024,2024-01-09,"000001200001120",TI Inovacao,46350.93,1,1419
EMP-479,2024,2024-01-06,"000001100001110",Obras Viarias RJ,35813.06,1,1420
EMP-48,2024,2024-01-08,"00000030000130",LimpMax Servicos,8183.79,1,1421
EMP-480,2024,2024-01-10,"00000080000180",Saude Vida Distribuidora,43772.13,1,1422
EMP-481,2024,2024-01-14,"00000070000170",Merenda Boa Alimentos,27999.41,1,1423
EMP-482,2024,2024-01-09,"000001100001110",Obras Viarias RJ,7737.12,1,1424
EMP-483,2024,2024-01-12,"00000010000110",TechServer Solucoes,34430.46,1,1425
EMP-484,2024,2024-01-11,"00000080000180",Saude Vida Distribuidora,49232.11,1,1426
EMP-485,2024,2024-01-07,"00000080000180",Saude Vida Distribuidora,38281.28,1,1427
EMP-486,2024,2024-01-13,"00000090000190",Eventos & Promo,34314.19,1,1428
EMP-487,2024,2024-01-08,"00000020000120",ConstruRio Engenharia,41229.51,1,1429
EMP-488,2024,2024-01-13,"00000020000120",ConstruRio Engenharia,45603.04,1,1430
EMP-489,2024,2024-01-12,"00000030000130",LimpMax Servicos,30105.05,1,1431
EMP-49,2024,2024-01-15,"000001100001110",Obras Viarias RJ,27225.09,1,1432
EMP-490,2024,2024-01-11,"00000010000110",TechServer Solucoes,15707.09,1,1433
EMP-491,2024,2024-01-13,"000001100001110",Obras Viarias RJ,26291.82,1,1434
EMP-492,2024,2024-01-03,"00000030000130",LimpMax Servicos,6657.12,1,1435
EMP-493,2024,2024-01-12,"000001200001120",TI Inovacao,36354.20,1,1436
EMP-494,2024,2024-01-16,"000001100001110",Obras Viarias RJ,26341.87,1,1437
EMP-495,2024,2024-01-11,"000001000001100",Consultoria Estrategica,7163.43,1,1438
EMP-496,2024,2024-01-12,"00000010000110",TechServer Solucoes,28062.43,1,1439
EMP-497,2024,2024-01-16,"000001000001100",Consultoria Estrategica,37938.35,1,1440
EMP-498,2024,2024-01-13,"00000020000120",ConstruRio Engenharia,45353.13,1,1441
EMP-499,2024,2024-01-13,"000001000001100",Consultoria Estrategica,44385.11,1,1442
EMP-5,2024,2024-01-10,"00000050000150",Seguranca Total Ltda,4993.13,1,1443
EMP-50,2024,2024-01-10,"000001200001120",TI Inovacao,43561.80,1,1444
EMP-500,2024,2024-01-20,"00000090000190",Eventos & Promo,32756.47,1,1445
EMP-51,2024,2024-01-12,"00000020000120",ConstruRio Engenharia,9283.84,1,1446
EMP-52,2024,2024-01-11,"00000060000160",Transportes Rapido,20165.81,1,1447
EMP-53,2024,2024-01-15,"00000050000150",Seguranca Total Ltda,44033.17,1,1448
EMP-54,2024,2024-01-16,"00000050000150",Seguranca Total Ltda,32643.77,1,1449
EMP-55,2024,2024-01-13,"00000050000150",Seguranca Total Ltda,3531.01,1,1450
EMP-56,2024,2024-01-14,"00000030000130",LimpMax Servicos,38848.03,1,1451
EMP-57,2024,2024-01-16,"00000090000190",Eventos & Promo,17644.96,1,1452
EMP-58,2024,2024-01-10,"00000070000170",Merenda Boa Alimentos,31223.17,1,1453
EMP-59,2024,2024-01-07,"00000070000170",Merenda Boa Alimentos,14001.34,1,1454
EMP-6,2024,2024-01-05,"00000090000190",Eventos & Promo,28075.29,1,1455
EMP-60,2024,2024-01-07,"00000060000160",Transportes Rapido,27262.74,1,1456
EMP-61,2024,2024-01-14,"00000030000130",LimpMax Servicos,2576.18,1,1457
EMP-62,2024,2024-01-12,"000001100001110",Obras Viarias RJ,11103.50,1,1458
EMP-63,2024,2024-01-09,"00000080000180",Saude Vida Distribuidora,33853.96,1,1459
EMP-65,2024,2024-01-13,"00000020000120",ConstruRio Engenharia,27623.54,1,1460
EMP-66,2024,2024-01-12,"00000030000130",LimpMax Servicos,29987.10,1,1461
EMP-67,2024,2024-01-13,"000001200001120",TI Inovacao,35668.67,1,1462
EMP-68,2024,2024-01-06,"00000040000140",Papelaria Central,37699.00,1,1463
EMP-69,2024,2024-01-20,"00000080000180",Saude Vida Distribuidora,33480.87,1,1464
EMP-7,2024,2024-01-10,"00000090000190",Eventos & Promo,36589.26,1,1465
EMP-70,2024,2024-01-09,"00000010000110",TechServer Solucoes,28943.20,1,1466
EMP-71,2024,2024-01-17,"00000010000110",TechServer Solucoes,31915.63,1,1467
EMP-72,2024,2024-01-07,"00000080000180",Saude Vida Distribuidora,27956.91,1,1468
EMP-73,2024,2024-01-10,"00000080000180",Saude Vida Distribuidora,24388.91,1,1469
EMP-74,2024,2024-01-05,"00000080000180",Saude Vida Distribuidora,11465.83,1,1470
EMP-75,2024,2024-01-05,"00000050000150",Seguranca Total Ltda,13290.47,1,1471
EMP-76,2024,2024-01-15,"000001000001100",Consultoria Estrategica,26721.13,1,1472
EMP-77,2024,2024-01-12,"00000090000190",Eventos & Promo,6026.90,1,1473
EMP-78,2024,2024-01-20,"00000040000140",Papelaria Central,4616.45,1,1474
EMP-79,2024,2024-01-11,"00000060000160",Transportes Rapido,37368.07,1,1475
EMP-8,2024,2024-01-20,"00000010000110",TechServer Solucoes,39133.23,1,1476
EMP-80,2024,2024-01-03,"00000050000150",Seguranca Total Ltda,45524.57,1,1477
EMP-81,2024,2024-01-16,"000001000001100",Consultoria Estrategica,39935.73,1,1478
EMP-82,2024,2024-01-12,"00000090000190",Eventos & Promo,42222.20,1,1479
EMP-83,2024,2024-01-20,"00000030000130",LimpMax Servicos,33066.64,1,1480
EMP-84,2024,2024-01-21,"000001100001110",Obras Viarias RJ,5998.60,1,1481
EMP-85,2024,2024-01-08,"00000070000170",Merenda Boa Alimentos,17089.78,1,1482
EMP-86,2024,2024-01-11,"00000020000120",ConstruRio Engenharia,13400.54,1,1483
EMP-87,2024,2024-01-20,"000001100001110",Obras Viarias RJ,24317.94,1,1484
EMP-88,2024,2024-01-12,"000001000001100",Consultoria Estrategica,12167.17,1,1485
EMP-89,2024,2024-01-10,"00000010000110",TechServer Solucoes,1387.74,1,1486
EMP-9,2024,2024-01-15,"00000090000190",Eventos & Promo,48848.10,1,1487
EMP-90,2024,2024-01-07,"000001000001100",Consultoria Estrategica,48327.34,1,1488
EMP-91,2024,2024-01-06,"00000040000140",Papelaria Central,20161.94,1,1489
EMP-92,2024,2024-01-08,"00000020000120",ConstruRio Engenharia,16639.79,1,1490
EMP-93,2024,2024-01-18,"000001200001120",TI Inovacao,25340.64,1,1491
EMP-94,2024,2024-01-16,"00000030000130",LimpMax Servicos,49394.11,1,1492
EMP-95,2024,2024-01-16,"00000020000120",ConstruRio Engenharia,38379.95,1,1493
EMP-96,2024,2024-01-11,"00000040000140",Papelaria Central,36699.24,1,1494
EMP-97,2024,2024-01-17,"00000080000180",Saude Vida Distribuidora,8818.86,1,1495
EMP-98,2024,2024-01-13,"00000020000120",ConstruRio Engenharia,24023.50,1,1496
EMP-99,2024,2024-01-08,"00000010000110",TechServer Solucoes,19812.64,1,1497
EMP-1,2024,2024-01-11,"000001000001100",Consultoria Estrategica,34617.96,1,1001
EMP-10,2024,2024-01-13,"00000020000120",ConstruRio Engenharia,42935.23,1,1002
EMP-100,2024,2024-01-13,"00000010000110",TechServer Solucoes,41884.34,1,1003
EMP-102,2024,2024-01-06,"000001000001100",Consultoria Estrategica,51035.85,1,1005
EMP-103,2024,2024-01-09,"00000040000140",Papelaria Central,44659.05,1,1006
EMP-104,2024,2024-01-15,"000001200001120",TI Inovacao,2084.35,1,1007
EMP-105,2024,2024-01-12,"00000040000140",Papelaria Central,6306.38,1,1008
EMP-106,2024,2024-01-06,"00000040000140",Papelaria Central,48008.98,1,1009
EMP-107,2024,2024-01-11,"00000090000190",Eventos & Promo,21213.67,1,1010
EMP-108,2024,2024-01-11,"00000090000190",Eventos & Promo,78447.83,1,1011
EMP-109,2024,2024-01-13,"00000010000110",TechServer Solucoes,10983.92,1,1012
EMP-11,2024,2024-01-14,"00000080000180",Saude Vida Distribuidora,82476.26,1,1013
EMP-110,2024,2024-01-10,"000001100001110",Obras Viarias RJ,61687.84,1,1014
EMP-111,2024,2024-01-11,"000001100001110",Obras Viarias RJ,74097.61,1,1015
EMP-112,2024,2024-01-16,"00000070000170",Merenda Boa Alimentos,60054.67,1,1016
EMP-113,2024,2024-01-15,"00000070000170",Merenda Boa Alimentos,12906.43,1,1017
EMP-114,2024,2024-01-07,"00000030000130",LimpMax Servicos,30705.51,1,1018
EMP-115,2024,2024-01-04,"00000050000150",Seguranca Total Ltda,28756.10,1,1019
EMP-117,2024,2024-01-08,"00000050000150",Seguranca Total Ltda,75316.89,1,1021
EMP-118,2024,2024-01-15,"000001200001120",TI Inovacao,66006.52,1,1022
EMP-119,2024,2024-01-06,"00000060000160",Transportes Rapido,65227.12,1,1023
EMP-120,2024,2024-01-14,"00000070000170",Merenda Boa Alimentos,24275.39,1,1024
EMP-121,2024,2024-01-08,"00000090000190",Eventos & Promo,12431.55,1,1025
EMP-122,2024,2024-01-15,"00000030000130",LimpMax Servicos,80642.35,1,1026
EMP-123,2024,2024-01-07,"00000060000160",Transportes Rapido,60811.53,1,1027
EMP-124,2024,2024-01-09,"00000050000150",Seguranca Total Ltda,7679.84,1,1028
EMP-125,2024,2024-01-10,"00000090000190",Eventos & Promo,39745.46,1,1029
EMP-126,2024,2024-01-13,"000001100001110",Obras Viarias RJ,47474.21,1,1030
EMP-127,2024,2024-01-14,"00000030000130",LimpMax Servicos,62585.77,1,1031
EMP-128,2024,2024-01-14,"000001000001100",Consultoria Estrategica,27344.56,1,1032
EMP-129,2024,2024-01-12,"000001100001110",Obras Viarias RJ,33248.08,1,1033
EMP-130,2024,2024-01-13,"000001000001100",Consultoria Estrategica,64361.52,1,1035
EMP-131,2024,2024-01-10,"00000050000150",Seguranca Total Ltda,59604.34,1,1036
EMP-133,2024,2024-01-12,"000001100001110",Obras Viarias RJ,76590.81,1,1038
EMP-134,2024,2024-01-09,"000001200001120",TI Inovacao,48267.33,1,1039
EMP-135,2024,2024-01-02,"00000060000160",Transportes Rapido,49246.44,1,1040
EMP-136,2024,2024-01-07,"000001200001120",TI Inovacao,57713.42,1,1041
EMP-137,2024,2024-01-13,"00000020000120",ConstruRio Engenharia,34949.31,1,1042
EMP-138,2024,2024-01-04,"000001200001120",TI Inovacao,50481.26,1,1043
EMP-14,2024,2024-01-10,"00000080000180",Saude Vida Distribuidora,56534.15,1,1045
EMP-140,2024,2024-01-12,"00000060000160",Transportes Rapido,81629.94,1,1046
EMP-141,2024,2024-01-11,"00000070000170",Merenda Boa Alimentos,43064.04,1,1047
EMP-142,2024,2024-01-04,"000001000001100",Consultoria Estrategica,32380.94,1,1048
EMP-143,2024,2024-01-11,"00000040000140",Papelaria Central,15349.36,1,1049
EMP-144,2024,2024-01-12,"000001100001110",Obras Viarias RJ,22655.04,1,1050
EMP-145,2024,2024-01-21,"00000070000170",Merenda Boa Alimentos,68498.20,1,1051
EMP-146,2024,2024-01-13,"00000080000180",Saude Vida Distribuidora,16810.76,1,1052
EMP-147,2024,2024-01-09,"000001000001100",Consultoria Estrategica,43359.82,1,1053
EMP-149,2024,2024-01-12,"00000050000150",Seguranca Total Ltda,23871.47,1,1055
EMP-15,2024,2024-01-08,"00000090000190",Eventos & Promo,62398.45,1,1056
EMP-150,2024,2024-01-12,"00000050000150",Seguranca Total Ltda,4264.71,1,1057
EMP-151,2024,2024-01-07,"00000060000160",Transportes Rapido,65398.92,1,1058
EMP-152,2024,2024-01-16,"00000040000140",Papelaria Central,33803.07,1,1059
EMP-153,2024,2024-01-08,"000001000001100",Consultoria Estrategica,44748.00,1,1060
EMP-154,2024,2024-01-08,"000001000001100",Consultoria Estrategica,39586.34,1,1061
EMP-155,2024,2024-01-09,"00000010000110",TechServer Solucoes,50128.88,1,1062
EMP-156,2024,2024-01-14,"00000020000120",ConstruRio Engenharia,75599.37,1,1063
EMP-157,2024,2024-01-12,"000001000001100",Consultoria Estrategica,67238.28,1,1064
EMP-158,2024,2024-01-11,"00000020000120",ConstruRio Engenharia,61731.14,1,1065
EMP-159,2024,2024-01-10,"00000080000180",Saude Vida Distribuidora,55556.95,1,1066
EMP-160,2024,2024-01-21,"00000090000190",Eventos & Promo,7278.88,1,1068
EMP-161,2024,2024-01-14,"00000060000160",Transportes Rapido,43379.74,1,1069
EMP-162,2024,2024-01-17,"000001000001100",Consultoria Estrategica,35641.47,1,1070
EMP-163,2024,2024-01-19,"000001100001110",Obras Viarias RJ,16537.37,1,1071
EMP-164,2024,2024-01-10,"00000070000170",Merenda Boa Alimentos,42823.44,1,1072
EMP-165,2024,2024-01-19,"00000040000140",Papelaria Central,57367.76,1,1073
EMP-166,2024,2024-01-04,"00000080000180",Saude Vida Distribuidora,20642.44,1,1074
EMP-167,2024,2024-01-11,"00000080000180",Saude Vida Distribuidora,52575.44,1,1075
EMP-168,2024,2024-01-13,"00000080000180",Saude Vida Distribuidora,8884.69,1,1076
EMP-169,2024,2024-01-08,"00000080000180",Saude Vida Distribuidora,39317.45,1,1077
EMP-170,2024,2024-01-14,"000001000001100",Consultoria Estrategica,36339.37,1,1079
EMP-172,2024,2024-01-07,"00000050000150",Seguranca Total Ltda,43543.80,1,1081
EMP-174,2024,2024-01-11,"00000070000170",Merenda Boa Alimentos,25024.03,1,1083
EMP-175,2024,2024-01-14,"000001000001100",Consultoria Estrategica,56580.02,1,1084
EMP-176,2024,2024-01-13,"000001100001110",Obras Viarias RJ,17042.03,1,1085
EMP-177,2024,2024-01-07,"00000080000180",Saude Vida Distribuidora,48474.79,1,1086
EMP-178,2024,2024-01-12,"00000010000110",TechServer Solucoes,40180.55,1,1087
EMP-179,2024,2024-01-15,"00000080000180",Saude Vida Distribuidora,25227.51,1,1088
EMP-18,2024,2024-01-14,"00000040000140",Papelaria Central,4553.19,1,1089
EMP-180,2024,2024-01-17,"00000040000140",Papelaria Central,76818.47,1,1090
EMP-181,2024,2024-01-15,"00000090000190",Eventos & Promo,40264.39,1,1091
EMP-183,2024,2024-01-11,"00000050000150",Seguranca Total Ltda,42510.80,1,1093
EMP-185,2024,2024-01-15,"000001100001110",Obras Viarias RJ,41525.57,1,1095
EMP-186,2024,2024-01-11,"00000030000130",LimpMax Servicos,63867.95,1,1096
EMP-187,2024,2024-01-13,"00000090000190",Eventos & Promo,31510.13,1,1097
EMP-188,2024,2024-01-06,"00000030000130",LimpMax Servicos,69618.57,1,1098
EMP-189,2024,2024-01-16,"00000010000110",TechServer Solucoes,77689.26,1,1099
EMP-19,2024,2024-01-05,"00000090000190",Eventos & Promo,17109.77,1,1100
EMP-190,2024,2024-01-10,"00000030000130",LimpMax Servicos,47701.50,1,1101
EMP-191,2024,2024-01-04,"00000090000190",Eventos & Promo,14475.27,1,1102
EMP-192,2024,2024-01-11,"000001000001100",Consultoria Estrategica,12870.48,1,1103
EMP-193,2024,2024-01-08,"00000070000170",Merenda Boa Alimentos,37666.15,1,1104
EMP-194,2024,2024-01-12,"00000010000110",TechServer Solucoes,48784.77,1,1105
EMP-195,2024,2024-01-09,"00000050000150",Seguranca Total Ltda,74360.40,1,1106
EMP-196,2024,2024-01-13,"00000080000180",Saude Vida Distribuidora,2502.92,1,1107
EMP-197,2024,2024-01-13,"00000010000110",TechServer Solucoes,19939.71,1,1108
EMP-198,2024,2024-01-11,"00000070000170",Merenda Boa Alimentos,61686.69,1,1109
EMP-199,2024,2024-01-12,"00000020000120",ConstruRio Engenharia,3266.16,1,1110
EMP-2,2024,2024-01-16,"00000010000110",TechServer Solucoes,19621.16,1,1111
EMP-20,2024,2024-01-12,"00000020000120",ConstruRio Engenharia,34746.79,1,1112
EMP-200,2024,2024-01-09,"00000030000130",LimpMax Servicos,67577.30,1,1113
EMP-201,2024,2024-01-06,"00000010000110",TechServer Solucoes,79355.66,1,1114
EMP-202,2024,2024-01-15,"00000070000170",Merenda Boa Alimentos,77492.75,1,1115
EMP-204,2024,2024-01-16,"000001000001100",Consultoria Estrategica,35944.10,1,1117
EMP-205,2024,2024-01-17,"00000050000150",Seguranca Total Ltda,61296.84,1,1118
EMP-206,2024,2024-01-12,"00000050000150",Seguranca Total Ltda,40342.02,1,1119
EMP-207,2024,2024-01-14,"00000060000160",Transportes Rapido,54324.17,1,1120
EMP-208,2024,2024-01-05,"00000080000180",Saude Vida Distribuidora,29820.53,1,1121
EMP-209,2024,2024-01-18,"00000010000110",TechServer Solucoes,71324.53,1,1122
EMP-21,2024,2024-01-06,"000001200001120",TI Inovacao,25658.57,1,1123
EMP-210,2024,2024-01-07,"000001200001120",TI Inovacao,31969.36,1,1124
EMP-211,2024,2024-01-12,"00000030000130",LimpMax Servicos,64634.91,1,1125
EMP-212,2024,2024-01-14,"000001200001120",TI Inovacao,7624.44,1,1126
EMP-213,2024,2024-01-11,"00000020000120",ConstruRio Engenharia,55758.35,1,1127
EMP-214,2024,2024-01-14,"000001100001110",Obras Viarias RJ,39847.02,1,1128
EMP-215,2024,2024-01-07,"00000090000190",Eventos & Promo,3948.37,1,1129
EMP-216,2024,2024-01-12,"00000060000160",Transportes Rapido,42642.57,1,1130
EMP-217,2024,2024-01-07,"00000070000170",Merenda Boa Alimentos,53474.57,1,1131
EMP-218,2024,2024-01-13,"00000070000170",Merenda Boa Alimentos,40201.11,1,1132
EMP-219,2024,2024-01-07,"000001000001100",Consultoria Estrategica,74175.57,1,1133
EMP-22,2024,2024-01-12,"00000090000190",Eventos & Promo,72455.66,1,1134
EMP-220,2024,2024-01-15,"00000040000140",Papelaria Central,5618.56,1,1135
EMP-221,2024,2024-01-18,"00000070000170",Merenda Boa Alimentos,74704.51,1,1136
EMP-116,2024,2024-01-09,"00000090000190",Eventos & Promo,59765.46,1,1020
EMP-132,2024,2024-01-14,"000001200001120",TI Inovacao,18730.54,1,1037
EMP-139,2024,2024-01-16,"00000070000170",Merenda Boa Alimentos,50318.68,1,1044
EMP-148,2024,2024-01-10,"00000080000180",Saude Vida Distribuidora,45820.19,1,1054
EMP-171,2024,2024-01-12,"00000080000180",Saude Vida Distribuidora,51075.96,1,1080
EMP-184,2024,2024-01-10,"00000050000150",Seguranca Total Ltda,66390.01,1,1094
EMP-203,2024,2024-01-14,"00000070000170",Merenda Boa Alimentos,37626.22,1,1116
EMP-222,2024,2024-01-16,"00000080000180",Saude Vida Distribuidora,26863.12,1,1137
EMP-223,2024,2024-01-09,"000001200001120",TI Inovacao,65124.76,1,1138
EMP-224,2024,2024-01-08,"00000010000110",TechServer Solucoes,82166.98,1,1139
EMP-225,2024,2024-01-08,"00000020000120",ConstruRio Engenharia,2519.62,1,1140
EMP-226,2024,2024-01-17,"00000070000170",Merenda Boa Alimentos,54726.06,1,1141
EMP-227,2024,2024-01-10,"00000030000130",LimpMax Servicos,22783.81,1,1142
EMP-228,2024,2024-01-15,"000001100001110",Obras Viarias RJ,38503.23,1,1143
EMP-229,2024,2024-01-13,"00000040000140",Papelaria Central,79436.15,1,1144
EMP-230,2024,2024-01-10,"00000020000120",ConstruRio Engenharia,14292.60,1,1146
EMP-231,2024,2024-01-07,"00000070000170",Merenda Boa Alimentos,80564.57,1,1147
EMP-232,2024,2024-01-17,"00000010000110",TechServer Solucoes,61789.83,1,1148
EMP-233,2024,2024-01-14,"00000070000170",Merenda Boa Alimentos,11616.51,1,1149
EMP-234,2024,2024-01-18,"00000050000150",Seguranca Total Ltda,60659.58,1,1150
EMP-101,2024,2024-01-05,"00000080000180",Saude Vida Distribuidora,26274.91,1,1004
EMP-16,2024,2024-01-05,"00000060000160",Transportes Rapido,56024.15,1,1067
EMP-17,2024,2024-01-19,"00000070000170",Merenda Boa Alimentos,23495.36,1,1078
EMP-173,2024,2024-01-18,"00000060000160",Transportes Rapido,64025.46,1,1082
EMP-182,2024,2024-01-19,"000001000001100",Consultoria Estrategica,54818.49,1,1092
EMP-23,2024,2024-01-13,"00000080000180",Saude Vida Distribuidora,33336.04,1,1145
